address,x_mm,y_mm,pcb_top_z_mm,diameter_mm,offset_status,native_object
A1,64.21,3.41,1.6,1.0,centered assumption; not measured,Hole_X18
A2,64.21,5.95,1.6,1.0,centered assumption; not measured,Hole_X17
A3,64.21,8.49,1.6,1.0,centered assumption; not measured,Hole_X16
A4,64.21,11.03,1.6,1.0,centered assumption; not measured,Hole_X15
A5,64.21,13.57,1.6,1.0,centered assumption; not measured,Hole_X14
A6,64.21,16.11,1.6,1.0,centered assumption; not measured,Hole_X13
A7,64.21,18.65,1.6,1.0,centered assumption; not measured,Hole_X12
A8,64.21,21.19,1.6,1.0,centered assumption; not measured,Hole_X11
A9,64.21,23.73,1.6,1.0,centered assumption; not measured,Hole_X10
A10,64.21,26.27,1.6,1.0,centered assumption; not measured,Hole_X9
A11,64.21,28.81,1.6,1.0,centered assumption; not measured,Hole_X8
A12,64.21,31.35,1.6,1.0,centered assumption; not measured,Hole_X7
A13,64.21,33.89,1.6,1.0,centered assumption; not measured,Hole_X6
A14,64.21,36.43,1.6,1.0,centered assumption; not measured,Hole_X5
A15,64.21,38.97,1.6,1.0,centered assumption; not measured,Hole_X4
A16,64.21,41.51,1.6,1.0,centered assumption; not measured,Hole_X3
A17,64.21,44.05,1.6,1.0,centered assumption; not measured,Hole_X2
A18,64.21,46.59,1.6,1.0,centered assumption; not measured,Hole_X1
B1,61.67,3.41,1.6,1.0,centered assumption; not measured,Hole_W18
B2,61.67,5.95,1.6,1.0,centered assumption; not measured,Hole_W17
B3,61.67,8.49,1.6,1.0,centered assumption; not measured,Hole_W16
B4,61.67,11.03,1.6,1.0,centered assumption; not measured,Hole_W15
B5,61.67,13.57,1.6,1.0,centered assumption; not measured,Hole_W14
B6,61.67,16.11,1.6,1.0,centered assumption; not measured,Hole_W13
B7,61.67,18.65,1.6,1.0,centered assumption; not measured,Hole_W12
B8,61.67,21.19,1.6,1.0,centered assumption; not measured,Hole_W11
B9,61.67,23.73,1.6,1.0,centered assumption; not measured,Hole_W10
B10,61.67,26.27,1.6,1.0,centered assumption; not measured,Hole_W9
B11,61.67,28.81,1.6,1.0,centered assumption; not measured,Hole_W8
B12,61.67,31.35,1.6,1.0,centered assumption; not measured,Hole_W7
B13,61.67,33.89,1.6,1.0,centered assumption; not measured,Hole_W6
B14,61.67,36.43,1.6,1.0,centered assumption; not measured,Hole_W5
B15,61.67,38.97,1.6,1.0,centered assumption; not measured,Hole_W4
B16,61.67,41.51,1.6,1.0,centered assumption; not measured,Hole_W3
B17,61.67,44.05,1.6,1.0,centered assumption; not measured,Hole_W2
B18,61.67,46.59,1.6,1.0,centered assumption; not measured,Hole_W1
C1,59.13,3.41,1.6,1.0,centered assumption; not measured,Hole_V18
C2,59.13,5.95,1.6,1.0,centered assumption; not measured,Hole_V17
C3,59.13,8.49,1.6,1.0,centered assumption; not measured,Hole_V16
C4,59.13,11.03,1.6,1.0,centered assumption; not measured,Hole_V15
C5,59.13,13.57,1.6,1.0,centered assumption; not measured,Hole_V14
C6,59.13,16.11,1.6,1.0,centered assumption; not measured,Hole_V13
C7,59.13,18.65,1.6,1.0,centered assumption; not measured,Hole_V12
C8,59.13,21.19,1.6,1.0,centered assumption; not measured,Hole_V11
C9,59.13,23.73,1.6,1.0,centered assumption; not measured,Hole_V10
C10,59.13,26.27,1.6,1.0,centered assumption; not measured,Hole_V9
C11,59.13,28.81,1.6,1.0,centered assumption; not measured,Hole_V8
C12,59.13,31.35,1.6,1.0,centered assumption; not measured,Hole_V7
C13,59.13,33.89,1.6,1.0,centered assumption; not measured,Hole_V6
C14,59.13,36.43,1.6,1.0,centered assumption; not measured,Hole_V5
C15,59.13,38.97,1.6,1.0,centered assumption; not measured,Hole_V4
C16,59.13,41.51,1.6,1.0,centered assumption; not measured,Hole_V3
C17,59.13,44.05,1.6,1.0,centered assumption; not measured,Hole_V2
C18,59.13,46.59,1.6,1.0,centered assumption; not measured,Hole_V1
D1,56.59,3.41,1.6,1.0,centered assumption; not measured,Hole_U18
D2,56.59,5.95,1.6,1.0,centered assumption; not measured,Hole_U17
D3,56.59,8.49,1.6,1.0,centered assumption; not measured,Hole_U16
D4,56.59,11.03,1.6,1.0,centered assumption; not measured,Hole_U15
D5,56.59,13.57,1.6,1.0,centered assumption; not measured,Hole_U14
D6,56.59,16.11,1.6,1.0,centered assumption; not measured,Hole_U13
D7,56.59,18.65,1.6,1.0,centered assumption; not measured,Hole_U12
D8,56.59,21.19,1.6,1.0,centered assumption; not measured,Hole_U11
D9,56.59,23.73,1.6,1.0,centered assumption; not measured,Hole_U10
D10,56.59,26.27,1.6,1.0,centered assumption; not measured,Hole_U9
D11,56.59,28.81,1.6,1.0,centered assumption; not measured,Hole_U8
D12,56.59,31.35,1.6,1.0,centered assumption; not measured,Hole_U7
D13,56.59,33.89,1.6,1.0,centered assumption; not measured,Hole_U6
D14,56.59,36.43,1.6,1.0,centered assumption; not measured,Hole_U5
D15,56.59,38.97,1.6,1.0,centered assumption; not measured,Hole_U4
D16,56.59,41.51,1.6,1.0,centered assumption; not measured,Hole_U3
D17,56.59,44.05,1.6,1.0,centered assumption; not measured,Hole_U2
D18,56.59,46.59,1.6,1.0,centered assumption; not measured,Hole_U1
E1,54.05,3.41,1.6,1.0,centered assumption; not measured,Hole_T18
E2,54.05,5.95,1.6,1.0,centered assumption; not measured,Hole_T17
E3,54.05,8.49,1.6,1.0,centered assumption; not measured,Hole_T16
E4,54.05,11.03,1.6,1.0,centered assumption; not measured,Hole_T15
E5,54.05,13.57,1.6,1.0,centered assumption; not measured,Hole_T14
E6,54.05,16.11,1.6,1.0,centered assumption; not measured,Hole_T13
E7,54.05,18.65,1.6,1.0,centered assumption; not measured,Hole_T12
E8,54.05,21.19,1.6,1.0,centered assumption; not measured,Hole_T11
E9,54.05,23.73,1.6,1.0,centered assumption; not measured,Hole_T10
E10,54.05,26.27,1.6,1.0,centered assumption; not measured,Hole_T9
E11,54.05,28.81,1.6,1.0,centered assumption; not measured,Hole_T8
E12,54.05,31.35,1.6,1.0,centered assumption; not measured,Hole_T7
E13,54.05,33.89,1.6,1.0,centered assumption; not measured,Hole_T6
E14,54.05,36.43,1.6,1.0,centered assumption; not measured,Hole_T5
E15,54.05,38.97,1.6,1.0,centered assumption; not measured,Hole_T4
E16,54.05,41.51,1.6,1.0,centered assumption; not measured,Hole_T3
E17,54.05,44.05,1.6,1.0,centered assumption; not measured,Hole_T2
E18,54.05,46.59,1.6,1.0,centered assumption; not measured,Hole_T1
F1,51.51,3.41,1.6,1.0,centered assumption; not measured,Hole_S18
F2,51.51,5.95,1.6,1.0,centered assumption; not measured,Hole_S17
F3,51.51,8.49,1.6,1.0,centered assumption; not measured,Hole_S16
F4,51.51,11.03,1.6,1.0,centered assumption; not measured,Hole_S15
F5,51.51,13.57,1.6,1.0,centered assumption; not measured,Hole_S14
F6,51.51,16.11,1.6,1.0,centered assumption; not measured,Hole_S13
F7,51.51,18.65,1.6,1.0,centered assumption; not measured,Hole_S12
F8,51.51,21.19,1.6,1.0,centered assumption; not measured,Hole_S11
F9,51.51,23.73,1.6,1.0,centered assumption; not measured,Hole_S10
F10,51.51,26.27,1.6,1.0,centered assumption; not measured,Hole_S9
F11,51.51,28.81,1.6,1.0,centered assumption; not measured,Hole_S8
F12,51.51,31.35,1.6,1.0,centered assumption; not measured,Hole_S7
F13,51.51,33.89,1.6,1.0,centered assumption; not measured,Hole_S6
F14,51.51,36.43,1.6,1.0,centered assumption; not measured,Hole_S5
F15,51.51,38.97,1.6,1.0,centered assumption; not measured,Hole_S4
F16,51.51,41.51,1.6,1.0,centered assumption; not measured,Hole_S3
F17,51.51,44.05,1.6,1.0,centered assumption; not measured,Hole_S2
F18,51.51,46.59,1.6,1.0,centered assumption; not measured,Hole_S1
G1,48.97,3.41,1.6,1.0,centered assumption; not measured,Hole_R18
G2,48.97,5.95,1.6,1.0,centered assumption; not measured,Hole_R17
G3,48.97,8.49,1.6,1.0,centered assumption; not measured,Hole_R16
G4,48.97,11.03,1.6,1.0,centered assumption; not measured,Hole_R15
G5,48.97,13.57,1.6,1.0,centered assumption; not measured,Hole_R14
G6,48.97,16.11,1.6,1.0,centered assumption; not measured,Hole_R13
G7,48.97,18.65,1.6,1.0,centered assumption; not measured,Hole_R12
G8,48.97,21.19,1.6,1.0,centered assumption; not measured,Hole_R11
G9,48.97,23.73,1.6,1.0,centered assumption; not measured,Hole_R10
G10,48.97,26.27,1.6,1.0,centered assumption; not measured,Hole_R9
G11,48.97,28.81,1.6,1.0,centered assumption; not measured,Hole_R8
G12,48.97,31.35,1.6,1.0,centered assumption; not measured,Hole_R7
G13,48.97,33.89,1.6,1.0,centered assumption; not measured,Hole_R6
G14,48.97,36.43,1.6,1.0,centered assumption; not measured,Hole_R5
G15,48.97,38.97,1.6,1.0,centered assumption; not measured,Hole_R4
G16,48.97,41.51,1.6,1.0,centered assumption; not measured,Hole_R3
G17,48.97,44.05,1.6,1.0,centered assumption; not measured,Hole_R2
G18,48.97,46.59,1.6,1.0,centered assumption; not measured,Hole_R1
H1,46.43,3.41,1.6,1.0,centered assumption; not measured,Hole_Q18
H2,46.43,5.95,1.6,1.0,centered assumption; not measured,Hole_Q17
H3,46.43,8.49,1.6,1.0,centered assumption; not measured,Hole_Q16
H4,46.43,11.03,1.6,1.0,centered assumption; not measured,Hole_Q15
H5,46.43,13.57,1.6,1.0,centered assumption; not measured,Hole_Q14
H6,46.43,16.11,1.6,1.0,centered assumption; not measured,Hole_Q13
H7,46.43,18.65,1.6,1.0,centered assumption; not measured,Hole_Q12
H8,46.43,21.19,1.6,1.0,centered assumption; not measured,Hole_Q11
H9,46.43,23.73,1.6,1.0,centered assumption; not measured,Hole_Q10
H10,46.43,26.27,1.6,1.0,centered assumption; not measured,Hole_Q9
H11,46.43,28.81,1.6,1.0,centered assumption; not measured,Hole_Q8
H12,46.43,31.35,1.6,1.0,centered assumption; not measured,Hole_Q7
H13,46.43,33.89,1.6,1.0,centered assumption; not measured,Hole_Q6
H14,46.43,36.43,1.6,1.0,centered assumption; not measured,Hole_Q5
H15,46.43,38.97,1.6,1.0,centered assumption; not measured,Hole_Q4
H16,46.43,41.51,1.6,1.0,centered assumption; not measured,Hole_Q3
H17,46.43,44.05,1.6,1.0,centered assumption; not measured,Hole_Q2
H18,46.43,46.59,1.6,1.0,centered assumption; not measured,Hole_Q1
I1,43.89,3.41,1.6,1.0,centered assumption; not measured,Hole_P18
I2,43.89,5.95,1.6,1.0,centered assumption; not measured,Hole_P17
I3,43.89,8.49,1.6,1.0,centered assumption; not measured,Hole_P16
I4,43.89,11.03,1.6,1.0,centered assumption; not measured,Hole_P15
I5,43.89,13.57,1.6,1.0,centered assumption; not measured,Hole_P14
I6,43.89,16.11,1.6,1.0,centered assumption; not measured,Hole_P13
I7,43.89,18.65,1.6,1.0,centered assumption; not measured,Hole_P12
I8,43.89,21.19,1.6,1.0,centered assumption; not measured,Hole_P11
I9,43.89,23.73,1.6,1.0,centered assumption; not measured,Hole_P10
I10,43.89,26.27,1.6,1.0,centered assumption; not measured,Hole_P9
I11,43.89,28.81,1.6,1.0,centered assumption; not measured,Hole_P8
I12,43.89,31.35,1.6,1.0,centered assumption; not measured,Hole_P7
I13,43.89,33.89,1.6,1.0,centered assumption; not measured,Hole_P6
I14,43.89,36.43,1.6,1.0,centered assumption; not measured,Hole_P5
I15,43.89,38.97,1.6,1.0,centered assumption; not measured,Hole_P4
I16,43.89,41.51,1.6,1.0,centered assumption; not measured,Hole_P3
I17,43.89,44.05,1.6,1.0,centered assumption; not measured,Hole_P2
I18,43.89,46.59,1.6,1.0,centered assumption; not measured,Hole_P1
J1,41.35,3.41,1.6,1.0,centered assumption; not measured,Hole_O18
J2,41.35,5.95,1.6,1.0,centered assumption; not measured,Hole_O17
J3,41.35,8.49,1.6,1.0,centered assumption; not measured,Hole_O16
J4,41.35,11.03,1.6,1.0,centered assumption; not measured,Hole_O15
J5,41.35,13.57,1.6,1.0,centered assumption; not measured,Hole_O14
J6,41.35,16.11,1.6,1.0,centered assumption; not measured,Hole_O13
J7,41.35,18.65,1.6,1.0,centered assumption; not measured,Hole_O12
J8,41.35,21.19,1.6,1.0,centered assumption; not measured,Hole_O11
J9,41.35,23.73,1.6,1.0,centered assumption; not measured,Hole_O10
J10,41.35,26.27,1.6,1.0,centered assumption; not measured,Hole_O9
J11,41.35,28.81,1.6,1.0,centered assumption; not measured,Hole_O8
J12,41.35,31.35,1.6,1.0,centered assumption; not measured,Hole_O7
J13,41.35,33.89,1.6,1.0,centered assumption; not measured,Hole_O6
J14,41.35,36.43,1.6,1.0,centered assumption; not measured,Hole_O5
J15,41.35,38.97,1.6,1.0,centered assumption; not measured,Hole_O4
J16,41.35,41.51,1.6,1.0,centered assumption; not measured,Hole_O3
J17,41.35,44.05,1.6,1.0,centered assumption; not measured,Hole_O2
J18,41.35,46.59,1.6,1.0,centered assumption; not measured,Hole_O1
K1,38.81,3.41,1.6,1.0,centered assumption; not measured,Hole_N18
K2,38.81,5.95,1.6,1.0,centered assumption; not measured,Hole_N17
K3,38.81,8.49,1.6,1.0,centered assumption; not measured,Hole_N16
K4,38.81,11.03,1.6,1.0,centered assumption; not measured,Hole_N15
K5,38.81,13.57,1.6,1.0,centered assumption; not measured,Hole_N14
K6,38.81,16.11,1.6,1.0,centered assumption; not measured,Hole_N13
K7,38.81,18.65,1.6,1.0,centered assumption; not measured,Hole_N12
K8,38.81,21.19,1.6,1.0,centered assumption; not measured,Hole_N11
K9,38.81,23.73,1.6,1.0,centered assumption; not measured,Hole_N10
K10,38.81,26.27,1.6,1.0,centered assumption; not measured,Hole_N9
K11,38.81,28.81,1.6,1.0,centered assumption; not measured,Hole_N8
K12,38.81,31.35,1.6,1.0,centered assumption; not measured,Hole_N7
K13,38.81,33.89,1.6,1.0,centered assumption; not measured,Hole_N6
K14,38.81,36.43,1.6,1.0,centered assumption; not measured,Hole_N5
K15,38.81,38.97,1.6,1.0,centered assumption; not measured,Hole_N4
K16,38.81,41.51,1.6,1.0,centered assumption; not measured,Hole_N3
K17,38.81,44.05,1.6,1.0,centered assumption; not measured,Hole_N2
K18,38.81,46.59,1.6,1.0,centered assumption; not measured,Hole_N1
L1,36.27,3.41,1.6,1.0,centered assumption; not measured,Hole_M18
L2,36.27,5.95,1.6,1.0,centered assumption; not measured,Hole_M17
L3,36.27,8.49,1.6,1.0,centered assumption; not measured,Hole_M16
L4,36.27,11.03,1.6,1.0,centered assumption; not measured,Hole_M15
L5,36.27,13.57,1.6,1.0,centered assumption; not measured,Hole_M14
L6,36.27,16.11,1.6,1.0,centered assumption; not measured,Hole_M13
L7,36.27,18.65,1.6,1.0,centered assumption; not measured,Hole_M12
L8,36.27,21.19,1.6,1.0,centered assumption; not measured,Hole_M11
L9,36.27,23.73,1.6,1.0,centered assumption; not measured,Hole_M10
L10,36.27,26.27,1.6,1.0,centered assumption; not measured,Hole_M9
L11,36.27,28.81,1.6,1.0,centered assumption; not measured,Hole_M8
L12,36.27,31.35,1.6,1.0,centered assumption; not measured,Hole_M7
L13,36.27,33.89,1.6,1.0,centered assumption; not measured,Hole_M6
L14,36.27,36.43,1.6,1.0,centered assumption; not measured,Hole_M5
L15,36.27,38.97,1.6,1.0,centered assumption; not measured,Hole_M4
L16,36.27,41.51,1.6,1.0,centered assumption; not measured,Hole_M3
L17,36.27,44.05,1.6,1.0,centered assumption; not measured,Hole_M2
L18,36.27,46.59,1.6,1.0,centered assumption; not measured,Hole_M1
M1,33.73,3.41,1.6,1.0,centered assumption; not measured,Hole_L18
M2,33.73,5.95,1.6,1.0,centered assumption; not measured,Hole_L17
M3,33.73,8.49,1.6,1.0,centered assumption; not measured,Hole_L16
M4,33.73,11.03,1.6,1.0,centered assumption; not measured,Hole_L15
M5,33.73,13.57,1.6,1.0,centered assumption; not measured,Hole_L14
M6,33.73,16.11,1.6,1.0,centered assumption; not measured,Hole_L13
M7,33.73,18.65,1.6,1.0,centered assumption; not measured,Hole_L12
M8,33.73,21.19,1.6,1.0,centered assumption; not measured,Hole_L11
M9,33.73,23.73,1.6,1.0,centered assumption; not measured,Hole_L10
M10,33.73,26.27,1.6,1.0,centered assumption; not measured,Hole_L9
M11,33.73,28.81,1.6,1.0,centered assumption; not measured,Hole_L8
M12,33.73,31.35,1.6,1.0,centered assumption; not measured,Hole_L7
M13,33.73,33.89,1.6,1.0,centered assumption; not measured,Hole_L6
M14,33.73,36.43,1.6,1.0,centered assumption; not measured,Hole_L5
M15,33.73,38.97,1.6,1.0,centered assumption; not measured,Hole_L4
M16,33.73,41.51,1.6,1.0,centered assumption; not measured,Hole_L3
M17,33.73,44.05,1.6,1.0,centered assumption; not measured,Hole_L2
M18,33.73,46.59,1.6,1.0,centered assumption; not measured,Hole_L1
N1,31.19,3.41,1.6,1.0,centered assumption; not measured,Hole_K18
N2,31.19,5.95,1.6,1.0,centered assumption; not measured,Hole_K17
N3,31.19,8.49,1.6,1.0,centered assumption; not measured,Hole_K16
N4,31.19,11.03,1.6,1.0,centered assumption; not measured,Hole_K15
N5,31.19,13.57,1.6,1.0,centered assumption; not measured,Hole_K14
N6,31.19,16.11,1.6,1.0,centered assumption; not measured,Hole_K13
N7,31.19,18.65,1.6,1.0,centered assumption; not measured,Hole_K12
N8,31.19,21.19,1.6,1.0,centered assumption; not measured,Hole_K11
N9,31.19,23.73,1.6,1.0,centered assumption; not measured,Hole_K10
N10,31.19,26.27,1.6,1.0,centered assumption; not measured,Hole_K9
N11,31.19,28.81,1.6,1.0,centered assumption; not measured,Hole_K8
N12,31.19,31.35,1.6,1.0,centered assumption; not measured,Hole_K7
N13,31.19,33.89,1.6,1.0,centered assumption; not measured,Hole_K6
N14,31.19,36.43,1.6,1.0,centered assumption; not measured,Hole_K5
N15,31.19,38.97,1.6,1.0,centered assumption; not measured,Hole_K4
N16,31.19,41.51,1.6,1.0,centered assumption; not measured,Hole_K3
N17,31.19,44.05,1.6,1.0,centered assumption; not measured,Hole_K2
N18,31.19,46.59,1.6,1.0,centered assumption; not measured,Hole_K1
O1,28.65,3.41,1.6,1.0,centered assumption; not measured,Hole_J18
O2,28.65,5.95,1.6,1.0,centered assumption; not measured,Hole_J17
O3,28.65,8.49,1.6,1.0,centered assumption; not measured,Hole_J16
O4,28.65,11.03,1.6,1.0,centered assumption; not measured,Hole_J15
O5,28.65,13.57,1.6,1.0,centered assumption; not measured,Hole_J14
O6,28.65,16.11,1.6,1.0,centered assumption; not measured,Hole_J13
O7,28.65,18.65,1.6,1.0,centered assumption; not measured,Hole_J12
O8,28.65,21.19,1.6,1.0,centered assumption; not measured,Hole_J11
O9,28.65,23.73,1.6,1.0,centered assumption; not measured,Hole_J10
O10,28.65,26.27,1.6,1.0,centered assumption; not measured,Hole_J9
O11,28.65,28.81,1.6,1.0,centered assumption; not measured,Hole_J8
O12,28.65,31.35,1.6,1.0,centered assumption; not measured,Hole_J7
O13,28.65,33.89,1.6,1.0,centered assumption; not measured,Hole_J6
O14,28.65,36.43,1.6,1.0,centered assumption; not measured,Hole_J5
O15,28.65,38.97,1.6,1.0,centered assumption; not measured,Hole_J4
O16,28.65,41.51,1.6,1.0,centered assumption; not measured,Hole_J3
O17,28.65,44.05,1.6,1.0,centered assumption; not measured,Hole_J2
O18,28.65,46.59,1.6,1.0,centered assumption; not measured,Hole_J1
P1,26.11,3.41,1.6,1.0,centered assumption; not measured,Hole_I18
P2,26.11,5.95,1.6,1.0,centered assumption; not measured,Hole_I17
P3,26.11,8.49,1.6,1.0,centered assumption; not measured,Hole_I16
P4,26.11,11.03,1.6,1.0,centered assumption; not measured,Hole_I15
P5,26.11,13.57,1.6,1.0,centered assumption; not measured,Hole_I14
P6,26.11,16.11,1.6,1.0,centered assumption; not measured,Hole_I13
P7,26.11,18.65,1.6,1.0,centered assumption; not measured,Hole_I12
P8,26.11,21.19,1.6,1.0,centered assumption; not measured,Hole_I11
P9,26.11,23.73,1.6,1.0,centered assumption; not measured,Hole_I10
P10,26.11,26.27,1.6,1.0,centered assumption; not measured,Hole_I9
P11,26.11,28.81,1.6,1.0,centered assumption; not measured,Hole_I8
P12,26.11,31.35,1.6,1.0,centered assumption; not measured,Hole_I7
P13,26.11,33.89,1.6,1.0,centered assumption; not measured,Hole_I6
P14,26.11,36.43,1.6,1.0,centered assumption; not measured,Hole_I5
P15,26.11,38.97,1.6,1.0,centered assumption; not measured,Hole_I4
P16,26.11,41.51,1.6,1.0,centered assumption; not measured,Hole_I3
P17,26.11,44.05,1.6,1.0,centered assumption; not measured,Hole_I2
P18,26.11,46.59,1.6,1.0,centered assumption; not measured,Hole_I1
Q1,23.57,3.41,1.6,1.0,centered assumption; not measured,Hole_H18
Q2,23.57,5.95,1.6,1.0,centered assumption; not measured,Hole_H17
Q3,23.57,8.49,1.6,1.0,centered assumption; not measured,Hole_H16
Q4,23.57,11.03,1.6,1.0,centered assumption; not measured,Hole_H15
Q5,23.57,13.57,1.6,1.0,centered assumption; not measured,Hole_H14
Q6,23.57,16.11,1.6,1.0,centered assumption; not measured,Hole_H13
Q7,23.57,18.65,1.6,1.0,centered assumption; not measured,Hole_H12
Q8,23.57,21.19,1.6,1.0,centered assumption; not measured,Hole_H11
Q9,23.57,23.73,1.6,1.0,centered assumption; not measured,Hole_H10
Q10,23.57,26.27,1.6,1.0,centered assumption; not measured,Hole_H9
Q11,23.57,28.81,1.6,1.0,centered assumption; not measured,Hole_H8
Q12,23.57,31.35,1.6,1.0,centered assumption; not measured,Hole_H7
Q13,23.57,33.89,1.6,1.0,centered assumption; not measured,Hole_H6
Q14,23.57,36.43,1.6,1.0,centered assumption; not measured,Hole_H5
Q15,23.57,38.97,1.6,1.0,centered assumption; not measured,Hole_H4
Q16,23.57,41.51,1.6,1.0,centered assumption; not measured,Hole_H3
Q17,23.57,44.05,1.6,1.0,centered assumption; not measured,Hole_H2
Q18,23.57,46.59,1.6,1.0,centered assumption; not measured,Hole_H1
R1,21.03,3.41,1.6,1.0,centered assumption; not measured,Hole_G18
R2,21.03,5.95,1.6,1.0,centered assumption; not measured,Hole_G17
R3,21.03,8.49,1.6,1.0,centered assumption; not measured,Hole_G16
R4,21.03,11.03,1.6,1.0,centered assumption; not measured,Hole_G15
R5,21.03,13.57,1.6,1.0,centered assumption; not measured,Hole_G14
R6,21.03,16.11,1.6,1.0,centered assumption; not measured,Hole_G13
R7,21.03,18.65,1.6,1.0,centered assumption; not measured,Hole_G12
R8,21.03,21.19,1.6,1.0,centered assumption; not measured,Hole_G11
R9,21.03,23.73,1.6,1.0,centered assumption; not measured,Hole_G10
R10,21.03,26.27,1.6,1.0,centered assumption; not measured,Hole_G9
R11,21.03,28.81,1.6,1.0,centered assumption; not measured,Hole_G8
R12,21.03,31.35,1.6,1.0,centered assumption; not measured,Hole_G7
R13,21.03,33.89,1.6,1.0,centered assumption; not measured,Hole_G6
R14,21.03,36.43,1.6,1.0,centered assumption; not measured,Hole_G5
R15,21.03,38.97,1.6,1.0,centered assumption; not measured,Hole_G4
R16,21.03,41.51,1.6,1.0,centered assumption; not measured,Hole_G3
R17,21.03,44.05,1.6,1.0,centered assumption; not measured,Hole_G2
R18,21.03,46.59,1.6,1.0,centered assumption; not measured,Hole_G1
S1,18.49,3.41,1.6,1.0,centered assumption; not measured,Hole_F18
S2,18.49,5.95,1.6,1.0,centered assumption; not measured,Hole_F17
S3,18.49,8.49,1.6,1.0,centered assumption; not measured,Hole_F16
S4,18.49,11.03,1.6,1.0,centered assumption; not measured,Hole_F15
S5,18.49,13.57,1.6,1.0,centered assumption; not measured,Hole_F14
S6,18.49,16.11,1.6,1.0,centered assumption; not measured,Hole_F13
S7,18.49,18.65,1.6,1.0,centered assumption; not measured,Hole_F12
S8,18.49,21.19,1.6,1.0,centered assumption; not measured,Hole_F11
S9,18.49,23.73,1.6,1.0,centered assumption; not measured,Hole_F10
S10,18.49,26.27,1.6,1.0,centered assumption; not measured,Hole_F9
S11,18.49,28.81,1.6,1.0,centered assumption; not measured,Hole_F8
S12,18.49,31.35,1.6,1.0,centered assumption; not measured,Hole_F7
S13,18.49,33.89,1.6,1.0,centered assumption; not measured,Hole_F6
S14,18.49,36.43,1.6,1.0,centered assumption; not measured,Hole_F5
S15,18.49,38.97,1.6,1.0,centered assumption; not measured,Hole_F4
S16,18.49,41.51,1.6,1.0,centered assumption; not measured,Hole_F3
S17,18.49,44.05,1.6,1.0,centered assumption; not measured,Hole_F2
S18,18.49,46.59,1.6,1.0,centered assumption; not measured,Hole_F1
T1,15.95,3.41,1.6,1.0,centered assumption; not measured,Hole_E18
T2,15.95,5.95,1.6,1.0,centered assumption; not measured,Hole_E17
T3,15.95,8.49,1.6,1.0,centered assumption; not measured,Hole_E16
T4,15.95,11.03,1.6,1.0,centered assumption; not measured,Hole_E15
T5,15.95,13.57,1.6,1.0,centered assumption; not measured,Hole_E14
T6,15.95,16.11,1.6,1.0,centered assumption; not measured,Hole_E13
T7,15.95,18.65,1.6,1.0,centered assumption; not measured,Hole_E12
T8,15.95,21.19,1.6,1.0,centered assumption; not measured,Hole_E11
T9,15.95,23.73,1.6,1.0,centered assumption; not measured,Hole_E10
T10,15.95,26.27,1.6,1.0,centered assumption; not measured,Hole_E9
T11,15.95,28.81,1.6,1.0,centered assumption; not measured,Hole_E8
T12,15.95,31.35,1.6,1.0,centered assumption; not measured,Hole_E7
T13,15.95,33.89,1.6,1.0,centered assumption; not measured,Hole_E6
T14,15.95,36.43,1.6,1.0,centered assumption; not measured,Hole_E5
T15,15.95,38.97,1.6,1.0,centered assumption; not measured,Hole_E4
T16,15.95,41.51,1.6,1.0,centered assumption; not measured,Hole_E3
T17,15.95,44.05,1.6,1.0,centered assumption; not measured,Hole_E2
T18,15.95,46.59,1.6,1.0,centered assumption; not measured,Hole_E1
U1,13.41,3.41,1.6,1.0,centered assumption; not measured,Hole_D18
U2,13.41,5.95,1.6,1.0,centered assumption; not measured,Hole_D17
U3,13.41,8.49,1.6,1.0,centered assumption; not measured,Hole_D16
U4,13.41,11.03,1.6,1.0,centered assumption; not measured,Hole_D15
U5,13.41,13.57,1.6,1.0,centered assumption; not measured,Hole_D14
U6,13.41,16.11,1.6,1.0,centered assumption; not measured,Hole_D13
U7,13.41,18.65,1.6,1.0,centered assumption; not measured,Hole_D12
U8,13.41,21.19,1.6,1.0,centered assumption; not measured,Hole_D11
U9,13.41,23.73,1.6,1.0,centered assumption; not measured,Hole_D10
U10,13.41,26.27,1.6,1.0,centered assumption; not measured,Hole_D9
U11,13.41,28.81,1.6,1.0,centered assumption; not measured,Hole_D8
U12,13.41,31.35,1.6,1.0,centered assumption; not measured,Hole_D7
U13,13.41,33.89,1.6,1.0,centered assumption; not measured,Hole_D6
U14,13.41,36.43,1.6,1.0,centered assumption; not measured,Hole_D5
U15,13.41,38.97,1.6,1.0,centered assumption; not measured,Hole_D4
U16,13.41,41.51,1.6,1.0,centered assumption; not measured,Hole_D3
U17,13.41,44.05,1.6,1.0,centered assumption; not measured,Hole_D2
U18,13.41,46.59,1.6,1.0,centered assumption; not measured,Hole_D1
V1,10.87,3.41,1.6,1.0,centered assumption; not measured,Hole_C18
V2,10.87,5.95,1.6,1.0,centered assumption; not measured,Hole_C17
V3,10.87,8.49,1.6,1.0,centered assumption; not measured,Hole_C16
V4,10.87,11.03,1.6,1.0,centered assumption; not measured,Hole_C15
V5,10.87,13.57,1.6,1.0,centered assumption; not measured,Hole_C14
V6,10.87,16.11,1.6,1.0,centered assumption; not measured,Hole_C13
V7,10.87,18.65,1.6,1.0,centered assumption; not measured,Hole_C12
V8,10.87,21.19,1.6,1.0,centered assumption; not measured,Hole_C11
V9,10.87,23.73,1.6,1.0,centered assumption; not measured,Hole_C10
V10,10.87,26.27,1.6,1.0,centered assumption; not measured,Hole_C9
V11,10.87,28.81,1.6,1.0,centered assumption; not measured,Hole_C8
V12,10.87,31.35,1.6,1.0,centered assumption; not measured,Hole_C7
V13,10.87,33.89,1.6,1.0,centered assumption; not measured,Hole_C6
V14,10.87,36.43,1.6,1.0,centered assumption; not measured,Hole_C5
V15,10.87,38.97,1.6,1.0,centered assumption; not measured,Hole_C4
V16,10.87,41.51,1.6,1.0,centered assumption; not measured,Hole_C3
V17,10.87,44.05,1.6,1.0,centered assumption; not measured,Hole_C2
V18,10.87,46.59,1.6,1.0,centered assumption; not measured,Hole_C1
W1,8.33,3.41,1.6,1.0,centered assumption; not measured,Hole_B18
W2,8.33,5.95,1.6,1.0,centered assumption; not measured,Hole_B17
W3,8.33,8.49,1.6,1.0,centered assumption; not measured,Hole_B16
W4,8.33,11.03,1.6,1.0,centered assumption; not measured,Hole_B15
W5,8.33,13.57,1.6,1.0,centered assumption; not measured,Hole_B14
W6,8.33,16.11,1.6,1.0,centered assumption; not measured,Hole_B13
W7,8.33,18.65,1.6,1.0,centered assumption; not measured,Hole_B12
W8,8.33,21.19,1.6,1.0,centered assumption; not measured,Hole_B11
W9,8.33,23.73,1.6,1.0,centered assumption; not measured,Hole_B10
W10,8.33,26.27,1.6,1.0,centered assumption; not measured,Hole_B9
W11,8.33,28.81,1.6,1.0,centered assumption; not measured,Hole_B8
W12,8.33,31.35,1.6,1.0,centered assumption; not measured,Hole_B7
W13,8.33,33.89,1.6,1.0,centered assumption; not measured,Hole_B6
W14,8.33,36.43,1.6,1.0,centered assumption; not measured,Hole_B5
W15,8.33,38.97,1.6,1.0,centered assumption; not measured,Hole_B4
W16,8.33,41.51,1.6,1.0,centered assumption; not measured,Hole_B3
W17,8.33,44.05,1.6,1.0,centered assumption; not measured,Hole_B2
W18,8.33,46.59,1.6,1.0,centered assumption; not measured,Hole_B1
X1,5.79,3.41,1.6,1.0,centered assumption; not measured,Hole_A18
X2,5.79,5.95,1.6,1.0,centered assumption; not measured,Hole_A17
X3,5.79,8.49,1.6,1.0,centered assumption; not measured,Hole_A16
X4,5.79,11.03,1.6,1.0,centered assumption; not measured,Hole_A15
X5,5.79,13.57,1.6,1.0,centered assumption; not measured,Hole_A14
X6,5.79,16.11,1.6,1.0,centered assumption; not measured,Hole_A13
X7,5.79,18.65,1.6,1.0,centered assumption; not measured,Hole_A12
X8,5.79,21.19,1.6,1.0,centered assumption; not measured,Hole_A11
X9,5.79,23.73,1.6,1.0,centered assumption; not measured,Hole_A10
X10,5.79,26.27,1.6,1.0,centered assumption; not measured,Hole_A9
X11,5.79,28.81,1.6,1.0,centered assumption; not measured,Hole_A8
X12,5.79,31.35,1.6,1.0,centered assumption; not measured,Hole_A7
X13,5.79,33.89,1.6,1.0,centered assumption; not measured,Hole_A6
X14,5.79,36.43,1.6,1.0,centered assumption; not measured,Hole_A5
X15,5.79,38.97,1.6,1.0,centered assumption; not measured,Hole_A4
X16,5.79,41.51,1.6,1.0,centered assumption; not measured,Hole_A3
X17,5.79,44.05,1.6,1.0,centered assumption; not measured,Hole_A2
X18,5.79,46.59,1.6,1.0,centered assumption; not measured,Hole_A1
